1902	Adventure	5985.0
1902	Fantasy	5985.0
1902	Science Fiction	5985.0
1903	Action	150.0
1903	Adventure	150.0
1903	Western	150.0
1904	Adventure	7500.0
1904	Comedy	7500.0
1904	Fantasy	7500.0
1904	Science Fiction	7500.0
1905	Drama	37.0
1914	Drama	210.0
1914	History	210.0
1915	Animation	5000.0
1915	Comedy	5000.0
1915	Drama	46913.67
1915	History	100000.0
1915	War	100000.0
1916	Action	200000.0
1916	Adventure	200000.0
1916	Drama	4297375.5
1916	Science Fiction	200000.0
1918	Comedy	250000.0
1918	Drama	250000.0
1919	Drama	42.0
1919	Romance	42.0
1920	Crime	53500.0
1920	Drama	53500.0
1920	Horror	53500.0
1920	Thriller	18000.0
1921	Action	1500000.0
1921	Adventure	1500000.0
1921	Comedy	250000.0
1921	Drama	250000.0
1921	Romance	1500000.0
1922	Documentary	53000.0
1922	Drama	1100000.0
1923	Drama	350000.0
1923	Fantasy	350000.0
1923	Horror	350000.0
1924	Action	1135654.0
1924	Adventure	1135654.0
1924	Comedy	212000.0
1924	Drama	618179.0
1924	Family	1135654.0
1924	Fantasy	1135654.0
1924	History	546883.0
1924	Romance	172000.0
1924	Thriller	172000.0
1925	Adventure	2411500.0
1925	Comedy	621500.0
1925	Crime	103000.0
1925	Drama	1034318.4
1925	Romance	116197.33
1925	War	245000.0
1926	Action	750000.0
1926	Adventure	750000.0
1926	Comedy	750000.0
1926	Drama	528818.33
1926	Romance	373000.0
1927	Action	2000000.0
1927	Comedy	483103.0
1927	Crime	12000.0
1927	Drama	13997729.0
1927	History	2500000.0
1927	Horror	184500.0
1927	Romance	900034.33
1927	Science Fiction	92620000.0
1927	Thriller	12000.0
1927	War	2000000.0
1928	Adventure	145168.5
1928	Animation	4986.0
1928	Comedy	9000000.0
1928	Crime	75000.0
1928	Drama	1471476.71
1928	Mystery	259000.0
1929	Action	550000.0
1929	Animation	5485.0
1929	Drama	350500.0
1929	Music	577666.67
1929	Romance	350500.0
1929	Thriller	550000.0
1930	Action	3950000.0
1930	Drama	1733446.67
1930	History	3950000.0
1930	War	1250000.0
1931	Action	558000.0
1931	Animation	11498.0
1931	Comedy	1500000.0
1931	Drama	733250.0
1931	Horror	323000.0
1931	Romance	1029000.0
1931	Science Fiction	291000.0
1931	Thriller	558000.0
1932	Adventure	200000.0
1932	Animation	16371.0
1932	Crime	195845.0
1932	Drama	223963.25
1932	Horror	148666.67
1932	Romance	233336.0
1932	Thriller	200000.0
1932	War	4.0
1933	Action	461000.0
1933	Adventure	461000.0
1933	Animation	15719.0
1933	Comedy	257283.8
1933	Crime	229.0
1933	Documentary	20000.0
1933	Drama	383664.2
1933	Family	424.0
1933	History	1114000.0
1933	Horror	416666.67
1933	Music	219961.5
1933	Romance	370987.17
1933	Science Fiction	289000.0
1934	Action	95.0
1934	Adventure	95.0
1934	Animation	29632.0
1934	Comedy	357136.0
1934	Crime	226408.0
1934	Drama	615698.33
1934	History	900000.0
1934	Music	520000.0
1934	Mystery	226408.0
1934	Romance	673000.0
1935	Adventure	1950000.0
1935	Animation	30303.0
1935	Comedy	304640.0
1935	Drama	1115000.0
1935	History	1950000.0
1935	Horror	349463.5
1935	Music	609000.0
1935	Mystery	152728.5
1935	Romance	927820.0
1935	Science Fiction	393750.0
1936	Action	1200000.0
1936	Adventure	1200000.0
1936	Comedy	346500.25
1936	Drama	969000.14
1936	History	991500.0
1936	Music	1093000.0
1936	Romance	1462000.0
1936	War	1200000.0
1937	Action	2000000.0
1937	Adventure	2548333.33
1937	Animation	524195.33
1937	Comedy	250381.0
1937	Crime	178525.0
1937	Drama	1236115.0
1937	Family	1566711.5
1937	Fantasy	1996141.0
1937	Mystery	4000000.0
1937	Romance	250287.5
1938	Action	2033000.0
1938	Adventure	2033000.0
1938	Animation	66260.0
1938	Comedy	1139245.33
1938	Drama	1625000.0
1938	Music	2000000.0
1938	Romance	1600147.2
1939	Adventure	1102828.67
1939	Comedy	3350171.25
1939	Crime	1600000.0
1939	Drama	3137971.0
1939	Family	2777000.0
1939	Fantasy	2777000.0
1939	History	1600000.0
1939	Romance	4737561.67
1939	Thriller	4499034.5
1939	War	2889393.67
1939	Western	1065687.0
1940	Adventure	3245165.5
1940	Animation	2440000.0
1940	Comedy	1380000.0
1940	Crime	171200.0
1940	Drama	1199500.0
1940	Family	2440000.0
1940	Music	2280000.0
1940	Mystery	1288000.0
1940	Romance	2416777.0
1940	Thriller	171200.0
1941	Action	750000.0
1941	Adventure	572332.5
1941	Animation	456000.0
1941	Comedy	432832.5
1941	Crime	415000.0
1941	Drama	773232.0
1941	Family	812000.0
1941	Fantasy	5000.0
1941	History	1400000.0
1941	Horror	176000.0
1941	Music	5000.0
1941	Mystery	623431.75
1941	Romance	689665.0
1941	Thriller	644333.33
1941	War	1400000.0
1942	Adventure	322000.0
1942	Animation	858000.0
1942	Comedy	1661000.0
1942	Drama	736166.67
1942	Family	858000.0
1942	Horror	134000.0
1942	Music	802000.0
1942	Romance	1269200.0
1942	Science Fiction	322000.0
1942	Thriller	134000.0
1942	War	833000.0
1943	Crime	275.0
1943	Drama	3000000.0
1943	Fantasy	662141.0
1943	History	3000000.0
1943	Horror	1500000.0
1943	Music	1081070.5
1943	Mystery	275.0
1943	Romance	2250000.0
1943	Thriller	1285091.67
1943	War	855000.0
1944	Comedy	1827058.33
1944	Crime	1594087.5
1944	Drama	1803029.44
1944	History	2995000.0
1944	Music	2452000.0
1944	Mystery	1338420.67
1944	Romance	2540666.67
1944	Thriller	1497631.0
1944	War	2108500.0
1945	Comedy	717.0
1945	Crime	726515.0
1945	Drama	1330719.57
1945	Mystery	1500000.0
1945	Romance	1750000.0
1945	Thriller	1500000.0
1946	Animation	68.0
1946	Drama	1913750.0
1946	Family	1590034.0
1946	Fantasy	3180000.0
1946	History	2100000.0
1946	Horror	375000.0
1946	Music	68.0
1946	Romance	2050000.0
1946	Thriller	1187500.0
1946	Western	6000000.0
1947	Comedy	2000000.0
1947	Crime	2852666.67
1947	Drama	2196400.0
1947	Mystery	2300000.0
1947	Romance	2000000.0
1947	Thriller	4258000.0
1948	Action	2521500.0
1948	Adventure	3800000.0
1948	Animation	2000000.0
1948	Comedy	1142085.0
1948	Crime	1500000.0
1948	Drama	1134492.0
1948	Family	2000000.0
1948	Fantasy	784170.0
1948	Music	2850000.0
1948	Mystery	1500000.0
1948	Romance	1621042.5
1948	Science Fiction	784170.0
1948	Thriller	1500000.0
1948	Western	2635750.0
1949	Action	500047.0
1949	Adventure	94.0
1949	Comedy	1837312.0
1949	Crime	900000.0
1949	Drama	1171527.71
1949	Family	700000.0
1949	Fantasy	94.0
1949	History	1000000.0
1949	Horror	686.0
1949	Music	2755625.0
1949	Romance	2362250.0
1949	Science Fiction	94.0
1949	War	1000000.0
1949	Western	1600000.0
1950	Action	3768785.0
1950	Animation	2900000.0
1950	Comedy	3768785.0
1950	Crime	250000.0
1950	Drama	1134000.0
1950	Family	2900000.0
1950	Fantasy	2900000.0
1950	Music	2941892.5
1950	Mystery	250000.0
1950	Romance	3334392.5
1950	Western	3768785.0
1951	Action	957500.0
1951	Adventure	2150000.0
1951	Animation	3000000.0
1951	Comedy	2723903.0
1951	Crime	1200000.0
1951	Documentary	3900.0
1951	Drama	2363744.38
1951	Family	1637500.0
1951	Fantasy	1637500.0
1951	History	8250000.0
1951	Horror	50000.0
1951	Music	2511951.5
1951	Romance	2924780.6
1951	Science Fiction	508333.33
1951	Thriller	816666.67
1951	War	1470000.0
1951	Western	1640000.0
1952	Action	2951666.67
1952	Adventure	1213897.5
1952	Comedy	1463750.0
1952	Drama	2117600.0
1952	Music	2020400.0
1952	Romance	2155950.0
1952	Western	365070.0
1953	Action	1402500.0
1953	Adventure	1736666.67
1953	Animation	4000000.0
1953	Comedy	1387176.67
1953	Crime	990750.0
1953	Drama	1570453.0
1953	Family	4000000.0
1953	Fantasy	4000000.0
1953	History	53000.0
1953	Horror	956000.0
1953	Music	4000000.0
1953	Mystery	658000.0
1953	Romance	1402000.0
1953	Science Fiction	742000.0
1953	Thriller	1435000.0
1953	War	1387176.67
1953	Western	3100000.0
1954	Action	2455000.0
1954	Adventure	3205000.0
1954	Comedy	2238813.0
1954	Crime	1155000.0
1954	Drama	3212967.92
1954	History	4750000.0
1954	Horror	12000000.0
1954	Music	2884885.0
1954	Mystery	8466666.67
1954	Romance	3095716.6
1954	Science Fiction	5870000.0
1954	Thriller	912500.0
1954	War	2000000.0
1955	Action	2033000.0
1955	Adventure	2766666.67
1955	Comedy	2333456.0
1955	Crime	941400.0
1955	Drama	1228333.44
1955	Family	4000000.0
1955	Horror	800000.0
1955	Music	5500000.0
1955	Mystery	1500000.0
1955	Romance	2535750.0
1955	Science Fiction	800000.0
1955	Thriller	1074000.0
1955	Western	1271000.0
1956	Action	2155000.0
1956	Adventure	3725000.0
1956	Comedy	3840000.0
1956	Crime	1340000.0
1956	Drama	3839230.77
1956	Family	6000000.0
1956	Fantasy	6000000.0
1956	History	13000000.0
1956	Horror	430666.67
1956	Music	2516666.67
1956	Mystery	1850000.0
1956	Romance	3845000.0
1956	Science Fiction	798000.0
1956	Thriller	1410000.0
1956	War	6000000.0
1956	Western	3383333.33
1957	Action	9000000.0
1957	Adventure	1750000.0
1957	Comedy	500000.0
1957	Crime	3000000.0
1957	Drama	2651888.89
1957	Fantasy	76000.0
1957	History	3000000.0
1957	Horror	74000.0
1957	Mystery	3000000.0
1957	Romance	5000000.0
1957	Science Fiction	300666.67
1957	Thriller	750000.0
1957	War	1967500.0
1958	Action	2443333.33
1958	Adventure	1906666.67
1958	Crime	575000.0
1958	Drama	1686875.0
1958	Family	650000.0
1958	Fantasy	650000.0
1958	History	3340000.0
1958	Horror	216169.71
1958	Music	6000000.0
1958	Mystery	2479000.0
1958	Romance	3445800.0
1958	Science Fiction	197666.67
1958	Thriller	886000.0
1958	War	6000000.0
1959	Action	7537500.0
1959	Adventure	15000000.0
1959	Animation	6000000.0
1959	Comedy	1466924.0
1959	Crime	75000.0
1959	Drama	4596875.0
1959	Family	6000000.0
1959	Fantasy	6000000.0
1959	History	7666666.67
1959	Horror	122000.0
1959	Music	7000000.0
1959	Mystery	3500000.0
1959	Romance	5220962.0
1959	Science Fiction	55000.0
1959	Thriller	2400000.0
1959	War	5000000.0
1960	Action	9333333.33
1960	Adventure	6375000.0
1960	Comedy	1416200.0
1960	Drama	4993992.57
1960	Fantasy	750000.0
1960	History	9333333.33
1960	Horror	358389.6
1960	Romance	1405200.0
1960	Science Fiction	358333.33
1960	Thriller	494237.0
1960	War	4000000.0
1960	Western	5833333.33
1961	Action	4017500.0
1961	Adventure	2912500.0
1961	Animation	4000000.0
1961	Comedy	2512000.0
1961	Crime	6000000.0
1961	Drama	2798230.77
1961	Family	3500000.0
1961	Fantasy	135000.0
1961	History	3000000.0
1961	Horror	200000.0
1961	Music	6000000.0
1961	Romance	1932000.0
1961	Science Fiction	1580000.0
1961	War	6000000.0
1961	Western	6000000.0
1962	Action	3921000.0
1962	Adventure	12487500.0
1962	Comedy	1225000.0
1962	Crime	2000000.0
1962	Drama	4761742.45
1962	Family	2000000.0
1962	History	14750000.0
1962	Horror	367400.0
1962	Mystery	40015000.0
1962	Romance	1092500.0
1962	Science Fiction	420666.67
1962	Thriller	20670000.0
1962	War	12500000.0
1962	Western	6337666.67
1963	Action	6180001.2
1963	Adventure	2542000.75
1963	Animation	3000000.0
1963	Comedy	3487200.0
1963	Crime	9400000.0
1963	Documentary	250000.0
1963	Drama	6993162.5
1963	Family	2000000.0
1963	Fantasy	675000.0
1963	History	13278750.0
1963	Horror	511833.33
1963	Mystery	2033250.0
1963	Romance	9700250.0
1963	Science Fiction	100000.0
1963	Thriller	2056000.0
1963	War	2090000.0
1963	Western	2500000.0
1964	Action	2520000.0
1964	Adventure	870771.25
1964	Comedy	5343333.33
1964	Crime	1127580.5
1964	Drama	3937017.57
1964	Family	7733333.33
1964	Fantasy	3100000.0
1964	History	7700000.0
1964	Horror	65000.0
1964	Music	8780000.0
1964	Mystery	2135161.0
1964	Romance	6248583.57
1964	Science Fiction	550000.0
1964	Thriller	2758790.25
1964	War	6140000.0
1964	Western	200000.0
1965	Action	3381023.0
1965	Adventure	5900579.5
1965	Comedy	4775200.0
1965	Crime	45000.0
1965	Drama	4285527.27
1965	Family	8200000.0
1965	History	8586933.33
1965	Horror	175000.0
1965	Music	4850000.0
1965	Mystery	220000.0
1965	Romance	6666666.67
1965	Science Fiction	531772.67
1965	Thriller	2372023.0
1965	War	5140028.75
1965	Western	2200000.0
1966	Action	6325000.0
1966	Adventure	7215466.67
1966	Animation	315000.0
1966	Comedy	1407133.33
1966	Crime	2185560.0
1966	Drama	14359177.08
1966	Family	797600.0
1966	History	34900000.0
1966	Horror	149689.5
1966	Music	4500000.0
1966	Mystery	1812500.0
1966	Romance	26440000.0
1966	Science Fiction	2430160.33
1966	Thriller	3325000.0
1966	War	29450000.0
1966	Western	1976000.0
1967	Action	5936666.67
1967	Adventure	9780000.0
1967	Animation	2000100.0
1967	Comedy	5787428.57
1967	Crime	2534375.0
1967	Drama	2831071.43
1967	Family	11000000.0
1967	Fantasy	18000000.0
1967	History	2175000.0
1967	Horror	2021666.67
1967	Music	11500000.0
1967	Mystery	2000000.0
1967	Romance	7000000.0
1967	Thriller	4500000.0
1967	War	5400000.0
1967	Western	3930000.0
1968	Action	4850000.0
1968	Adventure	7400000.0
1968	Comedy	3790750.0
1968	Crime	2549400.0
1968	Documentary	256000.0
1968	Drama	4813625.0
1968	Family	10000000.0
1968	Fantasy	6500000.0
1968	History	7700000.0
1968	Horror	1657000.0
1968	Music	8303333.33
1968	Mystery	4815666.67
1968	Romance	4060345.78
1968	Science Fiction	6562500.0
1968	Thriller	3086750.0
1968	War	7350000.0
1968	Western	2063778.0
1969	Action	8928571.43
1969	Adventure	5026021.75
1969	Comedy	8357442.86
1969	Crime	3625000.0
1969	Drama	6769375.0
1969	Family	12075000.0
1969	Fantasy	1083333.33
1969	History	9000000.0
1969	Horror	175000.0
1969	Music	15250000.0
1969	Mystery	4000000.0
1969	Romance	9250000.0
1969	Science Fiction	150000.0
1969	Thriller	4500000.0
1969	War	12000000.0
1969	Western	9811021.75
1970	Action	8016327.33
1970	Adventure	7885625.0
1970	Animation	4000000.0
1970	Comedy	3969765.08
1970	Crime	5002500.0
1970	Documentary	600000.0
1970	Drama	6294822.59
1970	Family	4000000.0
1970	History	13262142.86
1970	Horror	336767.86
1970	Music	600000.0
1970	Mystery	4500000.0
1970	Romance	4987500.0
1970	Science Fiction	3000000.0
1970	Thriller	3956666.67
1970	War	9123137.12
1970	Western	6279236.5
1971	Action	2672222.22
1971	Adventure	10400000.0
1971	Animation	20000000.0
1971	Comedy	5375800.0
1971	Crime	2202432.75
1971	Documentary	679000.0
1971	Drama	1764452.63
1971	Family	11500000.0
1971	Fantasy	7893000.0
1971	Foreign	900000.0
1971	Horror	788142.86
1971	Music	10339500.0
1971	Mystery	1259500.0
1971	Romance	1527511.11
1971	Science Fiction	2151000.0
1971	Thriller	2322630.8
1971	Western	245000.0
1972	Action	2412250.44
1972	Adventure	2678333.33
1972	Animation	850000.0
1972	Comedy	884437.5
1972	Crime	1997781.75
1972	Drama	2013588.24
1972	Family	2500000.0
1972	Fantasy	2850000.0
1972	History	1546000.0
1972	Horror	353050.0
1972	Music	4250000.0
1972	Mystery	1121916.67
1972	Romance	2616666.67
1972	Science Fiction	1966666.67
1972	TV Movie	450000.0
1972	Thriller	1288028.22
1972	War	3000000.0
1972	Western	4500000.0
1973	Action	1697125.0
1973	Adventure	2410503.0
1973	Animation	7975000.0
1973	Comedy	1859400.0
1973	Crime	3186500.0
1973	Drama	2667653.85
1973	Family	15000000.0
1973	Fantasy	586670.67
1973	History	3000000.0
1973	Horror	1090500.0
1973	Music	760000.0
1973	Mystery	2142000.0
1973	Romance	716670.67
1973	Science Fiction	1114000.0
1973	Thriller	2319666.67
1973	Western	5069391.5
1974	Action	4020000.78
1974	Adventure	3466666.67
1974	Comedy	2010625.0
1974	Crime	3338636.36
1974	Documentary	22500.0
1974	Drama	3487647.47
1974	Horror	233750.0
1974	Mystery	3800000.0
1974	Romance	2626000.0
1974	Science Fiction	1186666.67
1974	Thriller	4720000.0
1974	Western	2050000.0
1975	Action	1874000.0
1975	Adventure	2983333.33
1975	Comedy	1768570.0
1975	Crime	1931666.67
1975	Drama	3738264.29
1975	Family	65700.0
1975	Fantasy	850000.0
1975	History	9000000.0
1975	Horror	1509833.33
1975	Music	2650000.0
1975	Mystery	3750000.0
1975	Romance	5883333.33
1975	Science Fiction	695800.0
1975	Thriller	4758333.33
1975	War	11000000.0
1975	Western	3750000.0
1976	Action	3906000.0
1976	Adventure	16000000.0
1976	Comedy	6362545.0
1976	Crime	3232500.0
1976	Documentary	27000.0
1976	Drama	4563642.86
1976	Family	35000000.0
1976	History	8750000.0
1976	Horror	1118333.33
1976	Music	6000000.0
1976	Mystery	4946666.67
1976	Romance	7625000.0
1976	Science Fiction	5250000.0
1976	Thriller	4215555.56
1976	Western	3700000.0
1977	Action	8655417.73
1977	Adventure	9300000.0
1977	Animation	3850000.0
1977	Comedy	3510833.33
1977	Crime	2754919.0
1977	Documentary	515000.0
1977	Drama	5381479.75
1977	Family	4425000.0
1977	Fantasy	4282142.86
1977	History	8860000.0
1977	Horror	1997666.67
1977	Music	3450000.0
1977	Mystery	810000.0
1977	Romance	4000000.0
1977	Science Fiction	5491818.18
1977	Thriller	6399750.0
1977	War	7800000.0
1978	Action	10700001.78
1978	Adventure	14187500.62
1978	Animation	2500000.0
1978	Comedy	2857874.71
1978	Crime	1840000.0
1978	Documentary	155000.0
1978	Drama	4556784.94
1978	Family	21000000.0
1978	Fantasy	27666666.67
1978	History	1380000.0
1978	Horror	3778050.0
1978	Music	21000000.0
1978	Mystery	6140000.0
1978	Romance	3040353.83
1978	Science Fiction	16022500.0
1978	Thriller	5975000.0
1978	War	6900000.0
1979	Action	15511111.11
1979	Adventure	15075000.0
1979	Comedy	6965444.44
1979	Crime	3695200.0
1979	Documentary	2000000.0
1979	Drama	7234777.78
1979	Family	20000000.0
1979	History	17500000.0
1979	Horror	3714050.0
1979	Music	4130000.0
1979	Mystery	17066666.67
1979	Romance	9116666.67
1979	Science Fiction	10464763.64
1979	TV Movie	2100000.0
1979	Thriller	8446454.55
1979	War	11533333.33
1979	Western	9200000.0
1980	Action	22722222.22
1980	Adventure	16340000.0
1980	Comedy	8044285.71
1980	Crime	12300000.0
1980	Drama	8472726.4
1980	Family	20000000.0
1980	Fantasy	18825000.0
1980	History	14750026.75
1980	Horror	3320588.24
1980	Music	20500000.0
1980	Mystery	9125000.0
1980	Romance	9371428.57
1980	Science Fiction	13825000.0
1980	Thriller	8850000.0
1980	War	2250053.5
1980	Western	27000000.0
1981	Action	13900000.0
1981	Adventure	11333333.33
1981	Animation	7116246.67
1981	Comedy	9350000.0
1981	Crime	6012400.0
1981	Documentary	1400000.0
1981	Drama	8809786.83
1981	Family	8409748.0
1981	Fantasy	12250000.0
1981	Foreign	2000000.0
1981	History	17900000.0
1981	Horror	2663990.7
1981	Music	9033333.33
1981	Mystery	5161111.11
1981	Romance	10481092.5
1981	Science Fiction	5019333.33
1981	Thriller	6189181.82
1981	War	17333333.33
1981	Western	18000000.0
1982	Action	8708000.0
1982	Adventure	10611200.0
1982	Animation	2853333.33
1982	Comedy	13208882.35
1982	Crime	8460000.0
1982	Documentary	5000000.0
1982	Drama	14195368.42
1982	Family	14052666.67
1982	Fantasy	8084500.0
1982	Foreign	19000000.0
1982	History	22000000.0
1982	Horror	5830750.0
1982	Music	25066666.67
1982	Mystery	8750000.0
1982	Romance	12450000.0
1982	Science Fiction	9687600.0
1982	Thriller	10753846.15
1982	War	10500000.0
1982	Western	3500000.0
1983	Action	18523333.67
1983	Adventure	21083038.5
1983	Animation	4066666.67
1983	Comedy	12182143.21
1983	Crime	12277820.56
1983	Documentary	58000.0
1983	Drama	9700040.29
1983	Family	3000000.0
1983	Fantasy	14885715.0
1983	History	27000000.0
1983	Horror	4942647.06
1983	Music	9775000.0
1983	Mystery	7575400.0
1983	Romance	8465030.0
1983	Science Fiction	11434500.31
1983	Thriller	12718157.89
1983	Western	5000000.0
1984	Action	16027272.73
1984	Adventure	17845714.29
1984	Animation	1000000.0
1984	Comedy	10593600.0
1984	Crime	13200000.0
1984	Documentary	665000.0
1984	Drama	11888820.14
1984	Family	9108000.0
1984	Fantasy	14483333.33
1984	History	13900000.0
1984	Horror	3788437.5
1984	Music	13716250.0
1984	Mystery	8000000.0
1984	Romance	13761538.46
1984	Science Fiction	13567647.06
1984	Thriller	6786944.44
1984	War	6975000.0
1985	Action	13615396.45
1985	Adventure	17369827.81
1985	Animation	20000000.0
1985	Comedy	9977606.63
1985	Crime	13750000.0
1985	Documentary	62500.0
1985	Drama	12675357.14
1985	Family	20888888.89
1985	Fantasy	21990000.0
1985	History	28000000.0
1985	Horror	4904166.67
1985	Music	3000000.0
1985	Mystery	14000000.0
1985	Romance	11022142.86
1985	Science Fiction	15153965.93
1985	TV Movie	3750000.0
1985	Thriller	12613157.89
1985	War	24803333.33
1985	Western	26000000.0
1986	Action	11595005.65
1986	Adventure	17843757.06
1986	Animation	9666666.67
1986	Comedy	14387500.0
1986	Crime	9792583.33
1986	Drama	10200485.07
1986	Family	12500018.83
1986	Fantasy	16012500.0
1986	History	20500000.0
1986	Horror	6665170.56
1986	Music	14500000.0
1986	Mystery	8046377.33
1986	Romance	9620011.3
1986	Science Fiction	12392857.14
1986	Thriller	9109943.38
1986	War	12008000.0
1986	Western	25000000.0
1987	Action	19814106.88
1987	Adventure	20290909.09
1987	Animation	5000000.0
1987	Comedy	11615714.34
1987	Crime	12561538.54
1987	Drama	12420000.03
1987	Family	6333333.33
1987	Fantasy	8200000.0
1987	History	22200000.0
1987	Horror	5146247.89
1987	Music	3310600.0
1987	Mystery	10240000.0
1987	Romance	8967500.44
1987	Science Fiction	15747301.11
1987	Thriller	14900000.0
1987	War	21666666.67
1987	Western	5800000.0
1988	Action	14934809.65
1988	Adventure	24243000.0
1988	Animation	26060000.0
1988	Comedy	14685594.59
1988	Crime	15556850.1
1988	Documentary	2500000.0
1988	Drama	11325488.54
1988	Family	19912500.0
1988	Fantasy	20683888.89
1988	Foreign	1345525.5
1988	History	16000000.0
1988	Horror	4150371.43
1988	Music	10625000.0
1988	Mystery	10600000.4
1988	Romance	16992266.67
1988	Science Fiction	8393571.43
1988	TV Movie	8000000.0
1988	Thriller	10436092.52
1988	War	39500000.0
1988	Western	13000000.0
1989	Action	21905000.0
1989	Adventure	24397500.0
1989	Animation	15300000.0
1989	Comedy	14116994.16
1989	Crime	16453268.57
1989	Documentary	160000.0
1989	Drama	11677158.92
1989	Family	17700000.0
1989	Fantasy	17310875.0
1989	History	7977500.0
1989	Horror	6937800.0
1989	Music	5916666.67
1989	Mystery	8708190.0
1989	Romance	11607144.14
1989	Science Fiction	22250000.0
1989	Thriller	16125238.1
1989	War	12059142.86
1989	Western	2800000.0
1990	Action	22517785.43
1990	Adventure	32777031.25
1990	Animation	37931000.0
1990	Comedy	18185174.07
1990	Crime	21233210.53
1990	Documentary	500000.0
1990	Drama	20207834.0
1990	Family	20918714.29
1990	Fantasy	17208791.67
1990	Foreign	55000000.0
1990	Horror	9082759.26
1990	Music	10333333.33
1990	Mystery	20357142.86
1990	Romance	20615230.15
1990	Science Fiction	19808235.29
1990	TV Movie	10000000.0
1990	Thriller	19990562.25
1990	War	16500000.0
1990	Western	21000000.0
1991	Action	25044917.36
1991	Adventure	31600000.0
1991	Animation	21500000.0
1991	Comedy	17510400.0
1991	Crime	22111666.67
1991	Documentary	4.0
1991	Drama	18204031.84
1991	Family	26935272.73
1991	Fantasy	20889818.18
1991	History	40000000.0
1991	Horror	9007142.86
1991	Music	18171429.14
1991	Mystery	20033914.43
1991	Romance	15666684.87
1991	Science Fiction	22865384.62
1991	Thriller	25002742.43
1991	War	26000000.0
1991	Western	27000000.0
1992	Action	23159993.81
1992	Adventure	34700000.0
1992	Animation	19500000.0
1992	Comedy	19215003.89
1992	Crime	13542070.23
1992	Documentary	4000000.0
1992	Drama	16627573.28
1992	Family	22500000.0
1992	Fantasy	27943983.2
1992	History	39000000.0
1992	Horror	11376000.47
1992	Music	22750000.0
1992	Mystery	21562500.0
1992	Romance	16340865.06
1992	Science Fiction	19333334.11
1992	Thriller	14564410.45
1992	War	25000000.0
1992	Western	37000000.0
1993	Action	22018755.62
1993	Adventure	29394444.44
1993	Animation	12333333.33
1993	Comedy	19519532.19
1993	Crime	19818175.22
1993	Documentary	517000.0
1993	Drama	17474638.51
1993	Family	24250002.14
1993	Fantasy	24100002.73
1993	Foreign	9500000.0
1993	History	25020833.33
1993	Horror	5879326.0
1993	Music	23666666.67
1993	Mystery	26042842.44
1993	Romance	14280958.1
1993	Science Fiction	14750003.0
1993	Thriller	21170502.65
1993	War	20000030.0
1993	Western	30000000.0
1994	Action	31966666.67
1994	Adventure	27118750.0
1994	Animation	31600000.0
1994	Comedy	20112740.64
1994	Crime	24820000.0
1994	Documentary	700000.0
1994	Drama	21666002.76
1994	Family	31238666.67
1994	Fantasy	23937500.0
1994	History	18000000.0
1994	Horror	14111538.46
1994	Music	120.0
1994	Mystery	26187500.0
1994	Romance	25245206.08
1994	Science Fiction	23839285.71
1994	TV Movie	1000000.0
1994	Thriller	29246875.0
1994	War	35000000.0
1994	Western	35500000.0
1995	Action	38465001.25
1995	Adventure	47526315.79
1995	Animation	37666666.67
1995	Comedy	15568404.38
1995	Crime	26000746.65
1995	Documentary	500000.0
1995	Drama	21572422.51
1995	Family	30538461.54
1995	Fantasy	31821429.14
1995	Foreign	250001.0
1995	History	44000000.0
1995	Horror	9285000.8
1995	Music	10000000.0
1995	Mystery	33785714.29
1995	Romance	20603448.48
1995	Science Fiction	27388888.89
1995	Thriller	24368707.51
1995	War	30250012.5
1995	Western	17750012.5
1996	Action	42767741.94
1996	Adventure	42762174.43
1996	Animation	57500000.0
1996	Comedy	22151818.4
1996	Crime	23170833.33
1996	Drama	26314076.75
1996	Family	35501765.41
1996	Fantasy	34235294.82
1996	History	21490512.75
1996	Horror	14407142.86
1996	Music	26500000.0
1996	Mystery	33416666.67
1996	Romance	19458928.57
1996	Science Fiction	32800000.0
1996	TV Movie	6000000.0
1996	Thriller	31193636.36
1996	War	36500000.0
1997	Action	52047325.58
1997	Adventure	57134730.78
1997	Animation	43250000.0
1997	Comedy	23772531.02
1997	Crime	34915500.0
1997	Documentary	4250000.0
1997	Drama	25357361.67
1997	Family	33534354.26
1997	Fantasy	37938409.36
1997	Foreign	2600000.0
1997	History	28583333.33
1997	Horror	28697500.0
1997	Music	28500000.0
1997	Mystery	36855263.16
1997	Romance	29560978.85
1997	Science Fiction	44620000.0
1997	Thriller	48363888.89
1997	War	16000000.0
1997	Western	12000000.0
1998	Action	48570480.56
1998	Adventure	61347826.09
1998	Animation	51555583.33
1998	Comedy	25691808.26
1998	Crime	32552538.46
1998	Documentary	891000.0
1998	Drama	24889787.61
1998	Family	56533333.33
1998	Fantasy	49857985.07
1998	Foreign	785000.0
1998	History	34500000.0
1998	Horror	21426470.59
1998	Music	23011666.67
1998	Mystery	36075714.29
1998	Romance	24303478.12
1998	Science Fiction	51259375.0
1998	Thriller	37434165.91
1998	War	34527465.0
1999	Action	49125806.39
1999	Adventure	66605263.16
1999	Animation	66666444.44
1999	Comedy	31158404.15
1999	Crime	33995521.2
1999	Documentary	1018099.33
1999	Drama	29800293.89
1999	Family	57562500.0
1999	Fantasy	51868315.79
1999	Foreign	2725001.25
1999	History	35850000.0
1999	Horror	23574285.71
1999	Music	26875162.5
1999	Mystery	46298181.82
1999	Romance	27318292.71
1999	Science Fiction	49625000.0
1999	Thriller	34095652.67
1999	War	36666666.67
1999	Western	56250000.0
2000	Action	45730465.33
2000	Adventure	51716667.67
2000	Animation	50083335.83
2000	Comedy	31595959.32
2000	Crime	23720660.53
2000	Drama	25028448.83
2000	Family	51636843.68
2000	Fantasy	51833333.33
2000	Foreign	1450000.6
2000	History	46421024.2
2000	Horror	17972295.83
2000	Music	25600000.0
2000	Mystery	22697083.33
2000	Romance	28010638.49
2000	Science Fiction	46792000.0
2000	TV Movie	24000000.0
2000	Thriller	32780776.07
2000	War	48684186.83
2000	Western	56000000.0
2001	Action	43063224.12
2001	Adventure	52808064.52
2001	Animation	64650000.0
2001	Comedy	26745667.84
2001	Crime	35072500.7
2001	Documentary	12222132.33
2001	Drama	21364182.92
2001	Family	47717647.06
2001	Fantasy	50238888.89
2001	Foreign	5680000.0
2001	History	48401736.14
2001	Horror	14450027.78
2001	Music	29940000.0
2001	Mystery	21350000.0
2001	Romance	26612196.79
2001	Science Fiction	44663636.36
2001	Thriller	34133814.08
2001	War	69285714.29
2001	Western	35000000.0
2002	Action	43146610.17
2002	Adventure	56289189.19
2002	Animation	61000000.0
2002	Comedy	26103721.45
2002	Crime	27777275.23
2002	Documentary	2223333.33
2002	Drama	21378449.52
2002	Family	40864000.0
2002	Fantasy	47413000.0
2002	Foreign	2614292.86
2002	History	70666666.67
2002	Horror	17179846.54
2002	Music	10150000.0
2002	Mystery	33456521.74
2002	Romance	16714445.87
2002	Science Fiction	51238095.24
2002	TV Movie	6100000.0
2002	Thriller	32338303.21
2002	War	43225000.0
2002	Western	80000000.0
2003	Action	51250909.73
2003	Adventure	69210645.16
2003	Animation	46062500.0
2003	Comedy	30226634.9
2003	Crime	26787894.74
2003	Documentary	1975109.71
2003	Drama	23312333.8
2003	Family	42988888.89
2003	Fantasy	63942764.71
2003	Foreign	2375000.0
2003	History	44254285.71
2003	Horror	15663179.47
2003	Music	10646714.29
2003	Mystery	27115393.08
2003	Romance	21713087.85
2003	Science Fiction	63875000.0
2003	TV Movie	200000.0
2003	Thriller	41128154.18
2003	War	51963333.33
2003	Western	33875000.0
2004	Action	43407568.62
2004	Adventure	70128205.15
2004	Animation	59076923.08
2004	Comedy	26719790.52
2004	Crime	31924193.55
2004	Documentary	441013.88
2004	Drama	21380202.59
2004	Family	65025000.0
2004	Fantasy	60376470.59
2004	Foreign	1356789.29
2004	History	80639958.33
2004	Horror	19162069.0
2004	Music	21333333.33
2004	Mystery	36648611.11
2004	Romance	25084201.96
2004	Science Fiction	34922510.0
2004	Thriller	30468229.51
2004	War	90189067.0
2004	Western	60900000.0
2005	Action	45092375.4
2005	Adventure	65647631.58
2005	Animation	49301000.0
2005	Comedy	30519086.95
2005	Crime	26852675.68
2005	Documentary	1548186.91
2005	Drama	21762400.38
2005	Family	47543055.69
2005	Fantasy	55335416.71
2005	Foreign	3614630.4
2005	History	49863636.36
2005	Horror	14223460.12
2005	Music	19250000.0
2005	Mystery	24651000.0
2005	Romance	24312474.65
2005	Science Fiction	33756549.96
2005	TV Movie	6000000.0
2005	Thriller	24802607.59
2005	War	49128571.43
2005	Western	8500000.0
2006	Action	43930014.71
2006	Adventure	60029184.38
2006	Animation	46241510.32
2006	Comedy	24543619.14
2006	Crime	27977326.63
2006	Documentary	1804844.17
2006	Drama	18834689.5
2006	Family	47031428.57
2006	Fantasy	49820148.79
2006	Foreign	1440893.18
2006	History	37900000.0
2006	Horror	10349702.98
2006	Music	11700000.0
2006	Mystery	27208410.42
2006	Romance	18276058.47
2006	Science Fiction	36012574.07
2006	TV Movie	4566666.67
2006	Thriller	32061788.98
2006	War	33700000.0
2006	Western	26500000.0
2007	Action	38521755.19
2007	Adventure	64094806.25
2007	Animation	60735294.12
2007	Comedy	24957173.35
2007	Crime	25128508.77
2007	Documentary	3993892.86
2007	Drama	17065385.7
2007	Family	61864790.81
2007	Fantasy	86750000.0
2007	Foreign	4236596.64
2007	History	20401198.33
2007	Horror	13577349.23
2007	Music	26930000.33
2007	Mystery	37319615.38
2007	Romance	15602841.0
2007	Science Fiction	30116000.0
2007	TV Movie	2000000.0
2007	Thriller	27572941.07
2007	War	15921666.67
2007	Western	21960000.0
2008	Action	36748488.88
2008	Adventure	49671682.7
2008	Animation	50986947.37
2008	Comedy	23587768.3
2008	Crime	28529545.45
2008	Documentary	901905.44
2008	Drama	17773582.84
2008	Family	62740335.52
2008	Fantasy	47714369.23
2008	Foreign	3547192.73
2008	History	18352825.73
2008	Horror	6324238.78
2008	Music	8124000.0
2008	Mystery	19751166.67
2008	Romance	18611159.48
2008	Science Fiction	35903902.44
2008	TV Movie	1999000.0
2008	Thriller	22931507.86
2008	War	16941177.06
2008	Western	13500000.0
2009	Action	33521740.64
2009	Adventure	59353656.55
2009	Animation	68281629.74
2009	Comedy	23407189.32
2009	Crime	19564527.02
2009	Documentary	6296288.67
2009	Drama	16810693.66
2009	Family	65071935.48
2009	Fantasy	61678245.15
2009	Foreign	2527613.92
2009	History	26455427.37
2009	Horror	9185208.39
2009	Music	35705645.45
2009	Mystery	23282314.59
2009	Romance	20171876.03
2009	Science Fiction	54894494.38
2009	TV Movie	4666666.67
2009	Thriller	22467324.4
2009	War	24584583.33
2009	Western	13000000.0
2010	Action	36666481.22
2010	Adventure	68795283.02
2010	Animation	66742500.05
2010	Comedy	25282531.69
2010	Crime	19625060.3
2010	Documentary	1982245.72
2010	Drama	17816080.86
2010	Family	75076029.44
2010	Fantasy	63265222.22
2010	Foreign	3888950.0
2010	History	17932330.19
2010	Horror	9484804.69
2010	Music	6033333.33
2010	Mystery	22122754.17
2010	Romance	27324027.59
2010	Science Fiction	27306410.26
2010	TV Movie	4166666.67
2010	Thriller	21147350.97
2010	War	26340941.67
2010	Western	27460000.0
2011	Action	37314939.89
2011	Adventure	74232099.66
2011	Animation	59596555.61
2011	Comedy	21063322.64
2011	Crime	23794428.02
2011	Documentary	2052544.26
2011	Drama	14480712.13
2011	Family	49413761.13
2011	Fantasy	54472413.79
2011	Foreign	2931236.7
2011	History	23062524.17
2011	Horror	8837146.33
2011	Music	29486666.67
2011	Mystery	27168908.94
2011	Romance	17084466.9
2011	Science Fiction	35639031.92
2011	Thriller	22592799.04
2011	War	21715391.79
2011	Western	74513500.0
2012	Action	45442188.39
2012	Adventure	76300387.66
2012	Animation	61088852.7
2012	Comedy	22961872.77
2012	Crime	22346976.6
2012	Documentary	969197.91
2012	Drama	18001952.96
2012	Family	61126775.18
2012	Fantasy	75253125.0
2012	Foreign	2881250.0
2012	History	16723126.06
2012	Horror	8167219.17
2012	Music	19892905.82
2012	Mystery	22096327.33
2012	Romance	17084220.63
2012	Science Fiction	60480483.87
2012	TV Movie	9500000.0
2012	Thriller	22358578.48
2012	War	21222222.22
2012	Western	52500000.0
2013	Action	49823931.52
2013	Adventure	71629453.73
2013	Animation	50148607.17
2013	Comedy	17844292.59
2013	Crime	28330521.38
2013	Documentary	1066410.89
2013	Drama	17100487.34
2013	Family	78666458.33
2013	Fantasy	69724717.25
2013	Foreign	1444201.5
2013	History	14655833.33
2013	Horror	10780603.24
2013	Music	10722025.27
2013	Mystery	16649105.26
2013	Romance	12706365.73
2013	Science Fiction	54078719.93
2013	TV Movie	1000000.0
2013	Thriller	25105941.84
2013	War	14175050.0
2013	Western	89066666.67
2014	Action	51545642.12
2014	Adventure	79667278.64
2014	Animation	66280000.33
2014	Comedy	19978966.49
2014	Crime	17325900.84
2014	Documentary	345298.64
2014	Drama	17441483.76
2014	Family	55166666.83
2014	Fantasy	76741818.08
2014	History	25370194.55
2014	Horror	6432020.13
2014	Music	18305566.67
2014	Mystery	17722747.04
2014	Romance	20025757.16
2014	Science Fiction	63770852.54
2014	Thriller	19159916.07
2014	War	39834615.38
2014	Western	10950000.0
2015	Action	47917756.05
2015	Adventure	64999106.03
2015	Animation	49825825.84
2015	Comedy	21265282.22
2015	Crime	31674346.0
2015	Documentary	1366673.65
2015	Drama	16338367.46
2015	Family	49227694.96
2015	Fantasy	44442552.05
2015	History	18155007.79
2015	Horror	7914736.84
2015	Music	9912311.43
2015	Mystery	27579293.85
2015	Romance	15824861.14
2015	Science Fiction	55076324.76
2015	TV Movie	2040000.0
2015	Thriller	21294193.96
2015	War	9820598.5
2015	Western	50360000.0
2016	Action	49715357.14
2016	Adventure	87673029.52
2016	Animation	59855485.54
2016	Comedy	26889459.63
2016	Crime	22861485.31
2016	Documentary	962074.25
2016	Drama	18831556.71
2016	Family	75779310.34
2016	Fantasy	93799270.84
2016	History	24625909.09
2016	Horror	9220140.71
2016	Music	30533333.33
2016	Mystery	19412830.86
2016	Romance	15887980.26
2016	Science Fiction	67058680.7
2016	TV Movie	1000000.0
2016	Thriller	18250349.52
2016	War	30727566.07
2016	Western	34250000.0
2017	Action	69018670.54
2017	Adventure	112131759.78
2017	Animation	86857142.86
2017	Comedy	46181838.15
2017	Crime	33146344.44
2017	Documentary	426876.0
2017	Drama	21498465.06
2017	Family	73881818.18
2017	Fantasy	69557142.86
2017	History	36166666.67
2017	Horror	22381344.0
2017	Music	27500000.0
2017	Mystery	13118836.36
2017	Romance	22821954.0
2017	Science Fiction	54025292.21
2017	TV Movie	4000000.0
2017	Thriller	35198902.56
2017	War	54093162.5
2017	Western	35250000.0
2018	Action	18000000.0
2018	Comedy	15000000.0
2018	Drama	12000000.0
2018	Fantasy	18000000.0
2018	Science Fiction	18000000.0
